{
  "dataset": "final_data_values.csv",
  "model_name": "Gradient Boosting",
  "task_type": "classification",
  "metrics": {
    "accuracy": 0.9786917740336968,
    "precision": 0.9787076703204576,
    "recall": 0.9786917740336968,
    "f1_score": 0.9786404232456597,
    "r2_score": null,
    "train_r2": null,
    "train_accuracy": 0.9810361923648984,
    "overfit_gap": 0.002344418331201581,
    "training_time_seconds": 50.604,
    "n_train_samples": 8068,
    "n_test_samples": 2018
  },
  "feature_count": 42,
  "trained_at": "2026-02-05 21:20:55",
  "parameters": {
    "n_estimators": 100,
    "learning_rate": 0.1,
    "max_depth": 3,
    "random_state": 42
  }
}